timestamp,error_type,severity,detection_method,fixed,framework_source
2026-03-13T15:30:00,hallucination,high,Self-Certainty Maximization,true,ArXiv 2603.07159
2026-03-13T15:25:00,reasoning_error,medium,TRT Recursive Thinking,true,ArXiv 2602.03094
2026-03-13T15:20:00,context_decay,low,ACE Framework,true,ICLR 2026
2026-03-13T15:15:00,hallucination,high,ICLA Layer Attention,true,ArXiv 2603.00437
2026-03-13T15:10:00,self_deception,critical,Spiritual Self-Check,true,Internal TOASTED
2026-03-13T15:05:00,reasoning_error,medium,SETS Self-Verification,true,ArXiv 2501.19306
2026-03-13T15:00:00,pattern_matching,low,Novel Thinking Engine,true,Internal TOASTED
2026-03-13T14:55:00,hallucination,high,DSVD Dynamic Verification,true,ArXiv 2503.03149
2026-03-13T14:50:00,logic_error,medium,ProCo Verification,true,ArXiv 2405.14092
2026-03-13T14:45:00,context_overflow,high,ALMA Memory Search,true,ArXiv 2602.07755
